Quarter,Express Parcel Shipments (Mn),Revenue/Shipment (Rs.),EBITDA/Shipment (Rs.),Express Parcel Revenue (Rs. Cr),Express Parcel EBITDA (Rs. Cr),Total Revenue (Rs. Cr),Adj EBITDA (Rs. Cr)
Q1 FY23,152,69.14,-0.39,1051,-6,1746,-217
Q2 FY23,161,69.88,5.34,1125,86,1796,-125
Q3 FY23,170,70.59,8.18,1200,139,1822,-67
Q4 FY23,180,65.39,11.39,1177,205,1860,6
Q1 FY24,182,66.04,11.92,1202,217,1930,-25
Q2 FY24,181,66.85,11.22,1210,203,1942,-13
Q3 FY24,201,72.04,14.88,1448,299,2194,92
Q4 FY24,176,69.15,12.16,1217,214,2076,21
Q1 FY25,183,69.73,12.68,1276,232,2172,37
Q2 FY25,185,70.16,10.59,1298,196,2190,10
Q3 FY25,206,72.23,11.26,1488,232,2378,45
Q4 FY25,177,70.96,11.30,1256,200,2192,55
Q1 FY26,208,67.45,10.96,1403,228,2294,75
Q2 FY26,246,65.49,10.00,1611,246,2546,83
Q3 FY26,295,62.34,11.25,1839,332,2798,147
Q4 FY26,306,59.87,11.27,1832,345,2848,151
Q1 FY27,322,58.04,9.07,1869,292,2931,76
